id,username,email,password,role
1,admin1,admin1@email.com,admin1,admin
2,admin2,admin2@email.com,admin2,admin
3,admin3,admin3@email.com,admin3,admin
4,admin4,admin4@email.com,admin4,admin
5,admin5,admin5@email.com,admin5,admin
6,provider1,provider1@email.com,provider1,provider
7,provider2,provider2@email.com,provider2,provider
8,provider3,provider3@email.com,provider3,provider
9,provider4,provider4@email.com,provider4,provider
10,provider5,provider5@email.com,provider5,provider
11,provider6,provider6@email.com,provider6,provider
12,provider7,provider7@email.com,provider7,provider
13,provider8,provider8@email.com,provider8,provider
14,provider9,provider9@email.com,provider9,provider
15,provider10,provider10@email.com,provider10,provider
16,user1,user1@email.com,user1,user
17,user2,user2@email.com,user2,user
18,user3,user3@email.com,user3,user
19,user4,user4@email.com,user4,user
20,user5,user5@email.com,user5,user
21,user6,user6@email.com,user6,user
22,user7,user7@email.com,user7,user
23,user8,user8@email.com,user8,user
24,user9,user9@email.com,user9,user
25,user10,user10@email.com,user10,user
26,user11,user11@email.com,user11,user
27,user12,user12@email.com,user12,user
28,user13,user13@email.com,user13,user
29,user14,user14@email.com,user14,user
30,user15,user15@email.com,user15,user